№;market_observation_id;source_site;media_type;file_name;file_ext;mime_type;storage_uri;captured_at;url;sha256;width_px;height_px
1;1 000 000 001;OLX;screenshot;screenshot_1000000001;png;image/png;GVS\media\screenshots\screenshot_1000000001.png;2026-01-09 13:24:44;https://www.olx.ua/d/uk/obyavlenie/naydeshevsha-fasadna-dlyanka-6-sot-vul-tsentralna-osokorki-metro-4-km-IDS519r.html;;;
2;1 000 000 002;OLX;screenshot;screenshot_1000000002;png;image/png;GVS\media\screenshots\screenshot_1000000002.png;2026-01-09 13:24:44;https://www.olx.ua/d/uk/obyavlenie/srochno-prodazha-uchastok-5sotok-rusanovskie-sady-sadovaya-19-dneprovskiy-IDe7EL6.html;;;
3;1 000 000 003;OLX;screenshot;screenshot_1000000003;png;image/png;GVS\media\screenshots\screenshot_1000000003.png;2026-01-09 13:24:44;https://www.olx.ua/d/uk/obyavlenie/dlyanka-10-sotok-pd-zabudovu-kiv-vul-m-chalogo-m-zhitomirska-4-hv-IDVOWi3.html;;;
4;1 000 000 004;OLX;screenshot;screenshot_1000000004;png;image/png;GVS\media\screenshots\screenshot_1000000004.png;2026-01-09 13:24:44;https://www.olx.ua/d/uk/obyavlenie/prodam-zmelnu-dlyanku-na-chorny-gor-pecherskiy-rayon-IDYLFan.html;;;
5;1 000 000 005;OLX;screenshot;screenshot_1000000005;png;image/png;GVS\media\screenshots\screenshot_1000000005.png;2026-01-09 13:24:44;https://www.olx.ua/d/uk/obyavlenie/dlyanka-kiv-desnyanskiy-miloslavska-troschina-8-3-sot-IDYJquw.html;;;
6;1 000 000 006;OLX;screenshot;screenshot_1000000006;png;image/png;GVS\media\screenshots\screenshot_1000000006.png;2026-01-09 13:24:44;https://www.olx.ua/d/uk/obyavlenie/uchastok-na-troeschine-IDUKd4J.html;;;
7;1 000 000 007;OLX;screenshot;screenshot_1000000007;png;image/png;GVS\media\screenshots\screenshot_1000000007.png;2026-01-09 13:24:44;https://www.olx.ua/d/uk/obyavlenie/prodazha-uchastka-14-sotok-tsentr-kiev-shevchenkovskiy-r-n-bez-komissii-IDWNiyv.html?isPreviewActive=0&sliderIndex=9;;;
8;1 000 000 008;OLX;screenshot;screenshot_1000000008;png;image/png;GVS\media\screenshots\screenshot_1000000008.png;2026-01-09 13:24:44;https://www.olx.ua/d/uk/obyavlenie/zemelna-dlyanka-12-sotok-troschina-IDNsq88.html;;;
9;1 000 000 009;OLX;screenshot;screenshot_1000000009;png;image/png;GVS\media\screenshots\screenshot_1000000009.png;2026-01-09 13:24:44;https://www.olx.ua/d/uk/obyavlenie/uchastok-pod-zastroyku-petropavlovskaya-borschagovka-IDY4Rm9.html;;;
10;1 000 000 010;OLX;screenshot;screenshot_1000000010;png;image/png;GVS\media\screenshots\screenshot_1000000010.png;2026-01-09 13:24:44;https://www.olx.ua/d/uk/obyavlenie/prodazha-zemli-46-sotok-pod-zastroyku-taunhausa-goloseevskiy-park-IDXRmiU.html;;;
11;1 000 000 011;OLX;screenshot;screenshot_1000000011;png;image/png;GVS\media\screenshots\screenshot_1000000011.png;2026-01-09 13:24:44;https://www.olx.ua/d/uk/obyavlenie/prodazha-uchastka-10sot-obolonskiy-r-n-prodazha-srochnaya-IDZ6oPn.html;;;
12;1 000 000 012;OLX;screenshot;screenshot_1000000012;png;image/png;GVS\media\screenshots\screenshot_1000000012.png;2026-01-09 13:24:44;https://www.olx.ua/d/uk/obyavlenie/zemelna-dlyanka-6-sot-vul-medova-solomyanskiy-kiv-IDXG4cN.html;;;
13;1 000 000 013;OLX;screenshot;screenshot_1000000013;png;image/png;GVS\media\screenshots\screenshot_1000000013.png;2026-01-09 13:24:44;https://www.olx.ua/d/uk/obyavlenie/prodazh-zemelno-dlyanki-golosvo-tsentr-tsimbalv-yar-IDYz9Hm.html;;;
14;1 000 000 014;OLX;screenshot;screenshot_1000000014;png;image/png;GVS\media\screenshots\screenshot_1000000014.png;2026-01-09 13:24:44;https://www.olx.ua/d/uk/obyavlenie/fasadna-dlyanka-19-sotok-blya-zhk-lko-grad-vul-grigorya-gulyaynitskogo-IDYjrFp.html;;;
15;1 000 000 015;OLX;screenshot;screenshot_1000000015;png;image/png;GVS\media\screenshots\screenshot_1000000015.png;2026-01-09 13:24:44;https://www.olx.ua/d/uk/obyavlenie/prodam-zemelnu-dlyanku-v-kiv-z-horoshoyu-lokatsyu-10-sotok-za-146900-IDYSLHh.html;;;
16;1 000 000 016;OLX;screenshot;screenshot_1000000016;png;image/png;GVS\media\screenshots\screenshot_1000000016.png;2026-01-09 13:24:44;https://www.olx.ua/d/uk/obyavlenie/zemelnyy-uchastok-6-sotok-kiev-podolskiy-rayon-IDT6QY5.html;;;
17;1 000 000 017;OLX;screenshot;screenshot_1000000017;png;image/png;GVS\media\screenshots\screenshot_1000000017.png;2026-01-09 13:24:44;https://www.olx.ua/d/uk/obyavlenie/prodam-uchastok-zakrytyy-gorodok-zaezd-tupoleva-mrii-5-metro-nivki-IDXuLBL.html;;;
18;1 000 000 018;OLX;screenshot;screenshot_1000000018;png;image/png;GVS\media\screenshots\screenshot_1000000018.png;2026-01-09 13:24:44;https://www.olx.ua/d/uk/obyavlenie/prodazha-fasadnogo-uchastka-1-35-ga-stolichnoe-shosse-ot-vladeltsa-IDO3tD2.html;;;
19;1 000 000 019;OLX;screenshot;screenshot_1000000019;png;image/png;GVS\media\screenshots\screenshot_1000000019.png;2026-01-09 13:24:44;https://www.olx.ua/d/uk/obyavlenie/prodazh-zemelno-dlyanki-metro-demvska-prospekt-lobanovskogo-IDZeXSk.html;;;
20;1 000 000 020;OLX;screenshot;screenshot_1000000020;png;image/png;GVS\media\screenshots\screenshot_1000000020.png;2026-01-09 13:24:44;https://www.olx.ua/d/uk/obyavlenie/bez-komsprodazh-zemelno-dlyanki-4-3-sotki-osokorki-kiv-IDYAk0w.html;;;
21;1 000 000 021;OLX;screenshot;screenshot_1000000021;png;image/png;GVS\media\screenshots\screenshot_1000000021.png;2026-01-09 13:24:44;https://www.olx.ua/d/uk/obyavlenie/zemelna-dlyanka-solomyanskiy-rayon-IDSSClT.html?isPreviewActive=0&sliderIndex=11;;;
22;1 000 000 022;OLX;screenshot;screenshot_1000000022;png;image/png;GVS\media\screenshots\screenshot_1000000022.png;2026-01-09 13:24:44;https://www.olx.ua/d/uk/obyavlenie/prodazh-dlyanki-pd-zabudovu-persha-lnya-vd-vodoymi-na-troschin-bez-IDWOpfi.html;;;
23;1 000 000 023;OLX;screenshot;screenshot_1000000023;png;image/png;GVS\media\screenshots\screenshot_1000000023.png;2026-01-09 13:24:44;https://www.olx.ua/d/uk/obyavlenie/prodam-zemelnu-dlyanku-6-sot-kiv-rusanvsk-sadi-IDZ8a4w.html;;;
24;1 000 000 024;OLX;screenshot;screenshot_1000000024;png;image/png;GVS\media\screenshots\screenshot_1000000024.png;2026-01-09 13:24:44;https://www.olx.ua/d/uk/obyavlenie/golosvskiy-rayon-32-sotki-zeml-zhitlovo-ta-gromadsko-zabudovi-IDZ7IiS.html;;;
25;1 000 000 025;OLX;screenshot;screenshot_1000000025;png;image/png;GVS\media\screenshots\screenshot_1000000025.png;2026-01-09 13:24:44;https://www.olx.ua/d/uk/obyavlenie/prodam-zemelnu-dilyanku-20-c-u-kievi-vul-eniceyska-230000-IDYmSFM.html;;;
26;1 000 000 026;OLX;screenshot;screenshot_1000000026;png;image/png;GVS\media\screenshots\screenshot_1000000026.png;2026-01-09 13:24:44;https://www.olx.ua/d/uk/obyavlenie/zemelna-dlyanka-47-sotok-okruzhna-avtorinok-zhulyani-IDUAVKz.html;;;
27;1 000 000 027;OLX;screenshot;screenshot_1000000027;png;image/png;GVS\media\screenshots\screenshot_1000000027.png;2026-01-09 13:24:44;https://www.olx.ua/d/uk/obyavlenie/prodazh-zemelno-dlyanki-18-sot-v-m-kiv-vul-zakarpatska-116000-IDPmCBR.html;;;
28;1 000 000 028;OLX;screenshot;screenshot_1000000028;png;image/png;GVS\media\screenshots\screenshot_1000000028.png;2026-01-09 13:24:44;https://www.olx.ua/d/uk/obyavlenie/prodazh-zeml-vidova-dlyanka-10-sotok-misholovka-golosvskiy-rn-IDY6wSf.html;;;
29;1 000 000 029;OLX;screenshot;screenshot_1000000029;png;image/png;GVS\media\screenshots\screenshot_1000000029.png;2026-01-09 13:24:44;https://www.olx.ua/d/uk/obyavlenie/bez-prodam-dlyanku-25-sotok-demvka-golosvskiy-r-n-kiv-IDZ5ihh.html;;;
30;1 000 000 030;OLX;screenshot;screenshot_1000000030;png;image/png;GVS\media\screenshots\screenshot_1000000030.png;2026-01-09 13:24:44;https://www.olx.ua/d/uk/obyavlenie/stoletova-14a-uchastok-14sot-v-10-min-ezdy-k-tsentru-goroda-IDJXpgZ.html;;;
31;1 000 000 031;OLX;screenshot;screenshot_1000000031;png;image/png;GVS\media\screenshots\screenshot_1000000031.png;2026-01-09 13:24:44;https://www.olx.ua/d/uk/obyavlenie/bez-kiv-golosvskiy-30-sotok-pd-zhitlovu-ta-komertsyno-zabudov-IDYahbe.html;;;
32;1 000 000 032;OLX;screenshot;screenshot_1000000032;png;image/png;GVS\media\screenshots\screenshot_1000000032.png;2026-01-09 13:24:44;https://www.olx.ua/d/uk/obyavlenie/prodam-dlyanku-pd-zhitlovu-zabudovu-vul-yamska-54-IDW42g7.html?isPreviewActive=0&sliderIndex=9;;;
33;1 000 000 033;OLX;screenshot;screenshot_1000000033;png;image/png;GVS\media\screenshots\screenshot_1000000033.png;2026-01-09 13:24:44;https://www.olx.ua/d/uk/obyavlenie/prodazh-bez-zemelno-dlyanki-misholovka-kaschenka-kvtki-osnovyanenko-IDXS3qY.html;;;
34;1 000 000 034;OLX;screenshot;screenshot_1000000034;png;image/png;GVS\media\screenshots\screenshot_1000000034.png;2026-01-09 13:24:44;https://www.olx.ua/d/uk/obyavlenie/uchastok-13sot-kiev-chapaevka-brodovskaya-143-149-fasad-59metrov-podsypan-IDUqJNX.html;;;
35;1 000 000 035;OLX;screenshot;screenshot_1000000035;png;image/png;GVS\media\screenshots\screenshot_1000000035.png;2026-01-09 13:24:44;https://www.olx.ua/d/uk/obyavlenie/prodam-zemelnyy-uchastok-13sotok-kiev-prospekt-lobanovskogo-62-IDV9B5A.html;;;
36;1 000 000 036;OLX;screenshot;screenshot_1000000036;png;image/png;GVS\media\screenshots\screenshot_1000000036.png;2026-01-09 13:24:44;https://www.olx.ua/d/uk/obyavlenie/prodazha-uchastka-goloseevskiy-tsentr-baykalskaya-10-sotok-zakrytaya-terr-IDNxxaM.html?isPreviewActive=0&sliderIndex=0;;;
37;1 000 000 037;OLX;screenshot;screenshot_1000000037;png;image/png;GVS\media\screenshots\screenshot_1000000037.png;2026-01-09 13:24:44;https://www.olx.ua/d/uk/obyavlenie/prodazha-uchastka-goloseevskiy-tsentr-baykalskaya-10-sotok-zakrytaya-terr-IDNxxaM.html?isPreviewActive=0&sliderIndex=0;;;
38;1 000 000 038;OLX;screenshot;screenshot_1000000038;png;image/png;GVS\media\screenshots\screenshot_1000000038.png;2026-01-09 13:24:44;https://www.olx.ua/d/uk/obyavlenie/zhulyani-dlyanka-v-kiv-6-sotok-vul-troyandova-kotedzhne-mstechko-schastya-IDOxnYh.html;;;
39;1 000 000 039;OLX;screenshot;screenshot_1000000039;png;image/png;GVS\media\screenshots\screenshot_1000000039.png;2026-01-09 13:24:44;https://www.olx.ua/d/uk/obyavlenie/dlyanka-19-sotok-fasad-prosp-nauki-stolichne-shose-IDFJFKR.html;;;
40;1 000 000 040;OLX;screenshot;screenshot_1000000040;png;image/png;GVS\media\screenshots\screenshot_1000000040.png;2026-01-09 13:24:44;https://www.olx.ua/d/uk/obyavlenie/prodazha-20-sotok-ul-teterevskaya-IDMYF6l.html?isPreviewActive=0&sliderIndex=3;;;
41;1 000 000 041;OLX;screenshot;screenshot_1000000041;png;image/png;GVS\media\screenshots\screenshot_1000000041.png;2026-01-09 13:24:44;https://www.olx.ua/d/uk/obyavlenie/26-sot-uchastok-luchshiy-v-kieve-vlasnik-IDxKnbi.html;;;
42;1 000 000 042;OLX;screenshot;screenshot_1000000042;png;image/png;GVS\media\screenshots\screenshot_1000000042.png;2026-01-09 13:24:44;https://www.olx.ua/d/uk/obyavlenie/prodazh-zemelno-dlyanki-5-sotok-IDYJwPm.html;;;
43;1 000 000 043;OLX;screenshot;screenshot_1000000043;png;image/png;GVS\media\screenshots\screenshot_1000000043.png;2026-01-09 13:24:44;https://www.olx.ua/d/uk/obyavlenie/zemelna-dlyanka-darnitskiy-rayon-bortnichi-IDU70N0.html;;;
44;1 000 000 044;OLX;screenshot;screenshot_1000000044;png;image/png;GVS\media\screenshots\screenshot_1000000044.png;2026-01-09 13:24:44;https://www.olx.ua/d/obyavlenie/koms-0-naykrascha-tsna-osokorki-prodazh-zemelno-dlyanki-IDXW1ad.html;;;
45;1 000 000 045;OLX;screenshot;screenshot_1000000045;png;image/png;GVS\media\screenshots\screenshot_1000000045.png;2026-01-09 13:24:44;https://www.olx.ua/d/obyavlenie/prodazh-zemelno-dlyanki-osokorki-darnitskiy-rayon-nizhn-sadi-IDSOJKk.html;;;
46;1 000 000 046;OLX;screenshot;screenshot_1000000046;png;image/png;GVS\media\screenshots\screenshot_1000000046.png;2026-01-09 13:24:44;https://www.olx.ua/d/obyavlenie/m-kiv-osokorki-vul-sadova-156-metro-slavutich-IDZ5Jdc.html;;;
47;1 000 000 047;OLX;screenshot;screenshot_1000000047;png;image/png;GVS\media\screenshots\screenshot_1000000047.png;2026-01-09 13:24:44;https://www.olx.ua/d/obyavlenie/prodam-dlyanku-po-vul-novatorv-IDYMzGF.html?isPreviewActive=0&sliderIndex=5;;;
48;1 000 000 048;DOMRIA;screenshot;screenshot_1000000048;png;image/png;GVS\media\screenshots\screenshot_1000000048.png;2026-01-09 13:24:44;https://dom.ria.com/uk/realty-prodaja-uchastok-pod-jiluyu-zastroyku-kiev-osokorki-2-ya-ozernaya-ulitsa-33583320.html;;;
49;1 000 000 049;DOMRIA;screenshot;screenshot_1000000049;png;image/png;GVS\media\screenshots\screenshot_1000000049.png;2026-01-09 13:24:44;https://dom.ria.com/uk/realty-prodaja-uchastok-pod-jiluyu-zastroyku-kiev-osokorki-maslovka-ulitsa-33490202.html;;;
50;1 000 000 050;OLX;screenshot;screenshot_1000000050;png;image/png;GVS\media\screenshots\screenshot_1000000050.png;2026-01-09 13:24:44;https://www.olx.ua/d/uk/obyavlenie/prodazh-zeml-dlyanki-blya-dnpra-metro-slavutich-vul-sadova-49-IDYFRbl.html;;;
51;1 000 000 051;OLX;screenshot;screenshot_1000000051;png;image/png;GVS\media\screenshots\screenshot_1000000051.png;2026-01-09 13:24:44;https://www.olx.ua/d/uk/obyavlenie/prodazh-zmelno-dlyanki-12-sotok-v-bortnichah-darnitskiy-rayon-kiv-IDXuMJr.html;;;
52;1 000 000 052;OLX;screenshot;screenshot_1000000052;png;image/png;GVS\media\screenshots\screenshot_1000000052.png;2026-01-09 13:24:44;https://www.olx.ua/d/uk/obyavlenie/vash-maybutny-budinok-u-pdnzhzhya-lsu-dvrz-10-sotok-IDZ5ZUA.html;;;
53;1 000 000 053;OLX;screenshot;screenshot_1000000053;png;image/png;GVS\media\screenshots\screenshot_1000000053.png;2026-01-09 13:24:44;https://www.olx.ua/d/uk/obyavlenie/prodazha-zemlya-pd-zhitlovu-zabud-bortnich-10-sotok-IDYEgBe.html;;;
54;1 000 000 054;OLX;screenshot;screenshot_1000000054;png;image/png;GVS\media\screenshots\screenshot_1000000054.png;2026-01-09 13:24:44;https://www.olx.ua/d/uk/obyavlenie/predlagaetsya-uchastok-10-sot-osokorki-m-slavutich-10-min-hodby-IDSz0g8.html;;;
55;1 000 000 055;OLX;screenshot;screenshot_1000000055;png;image/png;GVS\media\screenshots\screenshot_1000000055.png;2026-01-09 13:24:44;https://www.olx.ua/d/uk/obyavlenie/prodam-dlyanku15-sotoku-vlasnost-pd-zabudovu-na-yaroslavv-val-17-IDVpvoq.html;;;
56;1 000 000 056;OLX;screenshot;screenshot_1000000056;png;image/png;GVS\media\screenshots\screenshot_1000000056.png;2026-01-09 13:24:44;https://www.olx.ua/d/uk/obyavlenie/prodam-zemelnu-dlyanku-v-shevchenkvskomu-rayon-IDZ6BMk.html;;;
57;1 000 000 057;OLX;screenshot;screenshot_1000000057;png;image/png;GVS\media\screenshots\screenshot_1000000057.png;2026-01-09 13:24:44;https://www.olx.ua/d/uk/obyavlenie/zemelna-dlyanka-10-sotok-v-s-t-kozhevnk-vul-otto-shmdta-22-26-IDXwh8S.html;;;
58;1 000 000 058;OLX;screenshot;screenshot_1000000058;png;image/png;GVS\media\screenshots\screenshot_1000000058.png;2026-01-09 13:24:44;https://www.olx.ua/d/uk/obyavlenie/prodazh-zemelno-dlyanki-pd-zabudovu-IDXgI0L.html;;;
59;1 000 000 059;OLX;screenshot;screenshot_1000000059;png;image/png;GVS\media\screenshots\screenshot_1000000059.png;2026-01-09 13:24:44;https://www.olx.ua/d/uk/obyavlenie/prodazha-uchastka-kiev-syrets-ul-rudanskogo-IDRHcAb.html;;;
60;1 000 000 060;OLX;screenshot;screenshot_1000000060;png;image/png;GVS\media\screenshots\screenshot_1000000060.png;2026-01-09 13:24:44;https://www.olx.ua/d/uk/obyavlenie/prodazh-dlyanki-9-sot-poruch-z-parkom-dubki-ta-posolstvom-ssha-IDWEi8w.html;;;
61;1 000 000 061;OLX;screenshot;screenshot_1000000061;png;image/png;GVS\media\screenshots\screenshot_1000000061.png;2026-01-09 13:24:44;https://www.olx.ua/d/uk/obyavlenie/prodazh-dlyanki-bez-komsynih-na-podol-vul-frolvska-IDZg5kT.html;;;
62;1 000 000 062;OLX;screenshot;screenshot_1000000062;png;image/png;GVS\media\screenshots\screenshot_1000000062.png;2026-01-09 13:24:44;https://www.olx.ua/d/uk/obyavlenie/prodazh-dlyanki-bez-komsynih-na-podol-vul-frolvska-IDZg5kT.html;;;
63;1 000 000 063;OLX;screenshot;screenshot_1000000063;png;image/png;GVS\media\screenshots\screenshot_1000000063.png;2026-01-09 13:24:44;https://www.olx.ua/d/uk/obyavlenie/prodazh-dlyanki-kiv-podl-22-s-prov-tsimlyanskiy-18-m-kontraktova-pl-IDZ5YHV.html?reason=extended_search_extended_distance;;;
64;1 000 000 064;OLX;screenshot;screenshot_1000000064;png;image/png;GVS\media\screenshots\screenshot_1000000064.png;2026-01-09 13:24:44;https://www.olx.ua/d/uk/obyavlenie/prodazh-zemlya-pd-sad-ogorod-ogrkova-nivki-kiv-IDZhNeC.html?reason=extended_search_extended_distance;;;
65;1 000 000 065;OLX;screenshot;screenshot_1000000065;png;image/png;GVS\media\screenshots\screenshot_1000000065.png;2026-01-09 13:24:44;https://www.olx.ua/d/uk/obyavlenie/uchastok-pod-kommertsiyu-kiev-podol-zhk-lipinka-zamkovetska-IDY4GRz.html?reason=extended_search_extended_distance;;;
66;1 000 000 066;OLX;screenshot;screenshot_1000000066;png;image/png;GVS\media\screenshots\screenshot_1000000066.png;2026-01-09 13:24:44;https://www.olx.ua/d/uk/obyavlenie/prodazh-zemelno-dlyanki-kiv-vul-storozheva-5-97-s-IDXdHsx.html?reason=extended_search_extended_distance;;;
67;1 000 000 067;OLX;screenshot;screenshot_1000000067;png;image/png;GVS\media\screenshots\screenshot_1000000067.png;2026-01-09 13:24:44;https://www.olx.ua/d/uk/obyavlenie/0-prodazh-fasadno-dlyanki-6-sotok-vana-vigovskogo-sirets-nivki-IDV19TR.html;;;
68;1 000 000 068;OLX;screenshot;screenshot_1000000068;png;image/png;GVS\media\screenshots\screenshot_1000000068.png;2026-01-09 13:24:44;https://www.olx.ua/d/uk/obyavlenie/zemelna-dlyanka-5-15-sotok-podlskiy-rayon-IDYUDaT.html;;;
69;1 000 000 069;OLX;screenshot;screenshot_1000000069;png;image/png;GVS\media\screenshots\screenshot_1000000069.png;2026-01-09 13:24:44;https://www.olx.ua/d/uk/obyavlenie/prodazh-veliko-dlyanki-18-sotok-z-budinkom-berkvts-stetsenka-IDXDd5m.html;;;
70;1 000 000 070;OLX;screenshot;screenshot_1000000070;png;image/png;GVS\media\screenshots\screenshot_1000000070.png;2026-01-09 13:24:44;https://www.olx.ua/d/uk/obyavlenie/perspektivnyy-uchastok-v-perspektivnom-rayone-kieva-IDs4OuV.html;;;
71;1 000 000 071;OLX;screenshot;screenshot_1000000071;png;image/png;GVS\media\screenshots\screenshot_1000000071.png;2026-01-09 13:24:44;https://www.olx.ua/d/uk/obyavlenie/prodazh-zemelno-dlyanki-desnyanskiy-r-n-troschina-IDXTptP.html;;;
72;1 000 000 072;OLX;screenshot;screenshot_1000000072;png;image/png;GVS\media\screenshots\screenshot_1000000072.png;2026-01-09 13:24:44;https://www.olx.ua/d/uk/obyavlenie/zemelna-dlyanka-pd-budvnitstvo-7-sotok-troschina-IDSn634.html;;;
73;1 000 000 073;OLX;screenshot;screenshot_1000000073;png;image/png;GVS\media\screenshots\screenshot_1000000073.png;2026-01-09 13:24:44;https://www.olx.ua/d/uk/obyavlenie/prodazh-dlyanki-pechersk-zvrenetska-bez-IDYAXvD.html;;;
74;1 000 000 074;OLX;screenshot;screenshot_1000000074;png;image/png;GVS\media\screenshots\screenshot_1000000074.png;2026-01-09 13:24:44;https://www.olx.ua/d/uk/obyavlenie/dlyanka-9-sotok-osokorki-metro-slavutich-2-km-IDZcxMX.html;;;
75;1 000 000 075;OLX;screenshot;screenshot_1000000075;png;image/png;GVS\media\screenshots\screenshot_1000000075.png;2026-01-09 13:24:44;https://www.olx.ua/d/uk/obyavlenie/prodam-10sot-komer-okruzhna-fasad-zhulyani-kolosa-171-z-2-h-pov-zhit-bud-IDVbF5V.html?isPreviewActive=0&sliderIndex=13;;;
76;1 000 000 076;OLX;screenshot;screenshot_1000000076;png;image/png;GVS\media\screenshots\screenshot_1000000076.png;2026-01-09 13:24:44;https://www.olx.ua/d/uk/obyavlenie/prodazh-zeml-solomyanskiy-rayon-vul-protasv-yar-fasad-IDZe0D5.html;;;
77;1 000 000 077;OLX;screenshot;screenshot_1000000077;png;image/png;GVS\media\screenshots\screenshot_1000000077.png;2026-01-09 13:24:44;https://www.olx.ua/d/uk/obyavlenie/fasadnyy-uchastok-pr-lobanovskogo-fasad-41-7m-IDYw0HN.html;;;
78;1 000 000 078;OLX;screenshot;screenshot_1000000078;png;image/png;GVS\media\screenshots\screenshot_1000000078.png;2026-01-09 13:24:44;https://www.olx.ua/d/uk/obyavlenie/prodatsya-dlyanka-pd-taunhaus-budinok-dyupleks-IDYBvrN.html;;;
79;1 000 000 079;OLX;screenshot;screenshot_1000000079;png;image/png;GVS\media\screenshots\screenshot_1000000079.png;2026-01-09 13:24:44;https://www.olx.ua/d/uk/obyavlenie/bativa-gora-tsentr-prodazh-dlyanki-kiv-r-n-solomyanskiy-IDVOZ0T.html;;;
80;1 000 000 080;OLX;screenshot;screenshot_1000000080;png;image/png;GVS\media\screenshots\screenshot_1000000080.png;2026-01-09 13:24:44;https://www.olx.ua/d/uk/obyavlenie/dlyanka-6-37-sotok-pd-zhitloviy-budinok-kiv-prov-zyaslavskiy-3-IDZ9dNH.html;;;
81;1 000 000 081;OLX;screenshot;screenshot_1000000081;png;image/png;GVS\media\screenshots\screenshot_1000000081.png;2026-01-09 13:24:44;https://www.olx.ua/d/uk/obyavlenie/prodazh-zemelno-dlyanki-fasad-prospekt-lobanovskogo-komertsya-bznes-IDZgmWB.html?isPreviewActive=0&sliderIndex=2;;;
82;1 000 000 082;OLX;screenshot;screenshot_1000000082;png;image/png;GVS\media\screenshots\screenshot_1000000082.png;2026-01-09 13:24:44;https://www.olx.ua/d/uk/obyavlenie/prodam-zemelnu-dlyanku-blya-metro-teremki-zhulyani-vul-gogolya-IDZeW8P.html;;;
83;1 000 000 083;OLX;screenshot;screenshot_1000000083;png;image/png;GVS\media\screenshots\screenshot_1000000083.png;2026-01-09 13:24:44;https://www.olx.ua/d/uk/obyavlenie/dlyanka-z-komertsynim-priznachennyam-kltseva-doroga-IDY76PX.html;;;
84;1 000 000 084;OLX;screenshot;screenshot_1000000084;png;image/png;GVS\media\screenshots\screenshot_1000000084.png;2026-01-09 13:24:44;https://www.olx.ua/d/uk/obyavlenie/prodatsya-zemelna-dlyanka-u-kiv-IDYTDvL.html;;;
85;1 000 000 085;OLX;screenshot;screenshot_1000000085;png;image/png;GVS\media\screenshots\screenshot_1000000085.png;2026-01-09 13:24:44;https://www.olx.ua/d/uk/obyavlenie/prodazh-zemelno-dlyanki-0-05-ga-chervona-lnya-IDYuatA.html;;;
86;1 000 000 086;OLX;screenshot;screenshot_1000000086;png;image/png;GVS\media\screenshots\screenshot_1000000086.png;2026-01-09 13:24:44;https://www.olx.ua/d/uk/obyavlenie/prodazh-zemelna-dlyanka-vul-chernishevskogo-IDZiN76.html;;;
87;1 000 000 087;OLX;screenshot;screenshot_1000000087;png;image/png;GVS\media\screenshots\screenshot_1000000087.png;2026-01-09 13:24:44;https://www.olx.ua/d/uk/obyavlenie/mikoli-yunkerova-vul-105-puscha-voditsya-14-lnya-23-5-sot-pd-zabudovu-IDWqQav.html?isPreviewActive=0&sliderIndex=11;;;
88;1 000 000 088;OLX;screenshot;screenshot_1000000088;png;image/png;GVS\media\screenshots\screenshot_1000000088.png;2026-01-09 13:24:44;https://www.olx.ua/d/uk/obyavlenie/prodazh-zemelno-dlyanki-chornobilets-10-sot-IDZhUjy.html?isPreviewActive=0&sliderIndex=0;;;
89;1 000 000 089;OLX;screenshot;screenshot_1000000089;png;image/png;GVS\media\screenshots\screenshot_1000000089.png;2026-01-09 13:24:44;https://www.olx.ua/d/uk/obyavlenie/zemelna-dlyanka-10-sotok-vul-bogatirska-obolonskiy-rayon-IDYVs8U.html;;;
90;1 000 000 090;DOMRIA;screenshot;screenshot_1000000090;png;image/png;GVS\media\screenshots\screenshot_1000000090.png;2026-01-09 13:24:44;https://dom.ria.com/uk/realty-prodaja-uchastok-pod-jiluyu-zastroyku-kiev-obolonskiy-lyubomirskaya-ulitsa-33132184.html;;;
91;1 000 000 091;DOMRIA;screenshot;screenshot_1000000091;png;image/png;GVS\media\screenshots\screenshot_1000000091.png;2026-01-09 13:24:44;https://dom.ria.com/uk/realty-prodaja-uchastok-pod-jiluyu-zastroyku-kiev-parnikovaya-ulitsa-33292859.html;;;
92;1 000 000 092;DOMRIA;screenshot;screenshot_1000000092;png;image/png;GVS\media\screenshots\screenshot_1000000092.png;2026-01-09 13:24:44;https://dom.ria.com/uk/realty-prodaja-uchastok-pod-jiluyu-zastroyku-kiev-bykovnya-desnyanskiy-pereulok-33512045.html;;;
93;1 000 000 093;DOMRIA;screenshot;screenshot_1000000093;png;image/png;GVS\media\screenshots\screenshot_1000000093.png;2026-01-09 13:24:44;https://dom.ria.com/uk/realty-prodaja-uchastok-pod-jiluyu-zastroyku-kiev-akademgorodok-hristiny-sushko-ulitsa-33704004.html;;;
94;1 000 000 094;DOMRIA;screenshot;screenshot_1000000094;png;image/png;GVS\media\screenshots\screenshot_1000000094.png;2026-01-09 13:24:44;https://dom.ria.com/uk/realty-prodaja-uchastok-pod-jiluyu-zastroyku-kiev-podolskiy-gazoprovodnaya-ulitsa-33494023.html;;;
95;1 000 000 095;DOMRIA;screenshot;screenshot_1000000095;png;image/png;GVS\media\screenshots\screenshot_1000000095.png;2026-01-09 13:24:44;https://dom.ria.com/uk/realty-prodaja-zemlya-kommercheskogo-naznacheniya-kiev-nikolskaya-slobodka-evgeniya-malanyuka-sagaydaka-ulitsa-33702756.html;;;
96;1 000 000 096;DOMRIA;screenshot;screenshot_1000000096;png;image/png;GVS\media\screenshots\screenshot_1000000096.png;2026-01-09 13:24:44;https://dom.ria.com/uk/realty-prodaja-uchastok-pod-jiluyu-zastroyku-kiev-dvrz-marganetskaya-ulitsa-33633222.html;;;
97;1 000 000 097;DOMRIA;screenshot;screenshot_1000000097;png;image/png;GVS\media\screenshots\screenshot_1000000097.png;2026-01-09 13:24:44;https://dom.ria.com/uk/realty-prodaja-zemlya-kommercheskogo-naznacheniya-kiev-sotsgorod-viskoznaya-ulitsa-33261179.html;;;
98;1 000 000 098;DOMRIA;screenshot;screenshot_1000000098;png;image/png;GVS\media\screenshots\screenshot_1000000098.png;2026-01-09 13:24:44;https://dom.ria.com/uk/realty-prodaja-uchastok-pod-jiluyu-zastroyku-kiev-pechersk-zverinetskiy-pereulok-33728476.html;;;
99;1 000 000 099;DOMRIA;screenshot;screenshot_1000000099;png;image/png;GVS\media\screenshots\screenshot_1000000099.png;2026-01-09 13:24:44;https://dom.ria.com/uk/realty-prodaja-uchastok-pod-jiluyu-zastroyku-kiev-chernaya-gora-tovarnaya-ulitsa-26073976.html;;;
100;1 000 000 100;DOMRIA;screenshot;screenshot_1000000100;png;image/png;GVS\media\screenshots\screenshot_1000000100.png;2026-01-09 13:24:44;https://dom.ria.com/uk/realty-prodaja-uchastok-pod-jiluyu-zastroyku-kiev-pecherskiy-zverinetskaya-ulitsa-33216035.html;;;
101;1 000 000 101;DOMRIA;screenshot;screenshot_1000000101;png;image/png;GVS\media\screenshots\screenshot_1000000101.png;2026-01-09 13:24:44;https://dom.ria.com/uk/realty-prodaja-uchastok-pod-jiluyu-zastroyku-kiev-chernaya-gora-chernogorskaya-ulitsa-32760520.html;;;
102;1 000 000 102;DOMRIA;screenshot;screenshot_1000000102;png;image/png;GVS\media\screenshots\screenshot_1000000102.png;2026-01-09 13:24:44;https://dom.ria.com/uk/realty-prodaja-uchastok-pod-jiluyu-zastroyku-kiev-belichi-obuhovskaya-ulitsa-33759856.html;;;
103;1 000 000 103;DOMRIA;screenshot;screenshot_1000000103;png;image/png;GVS\media\screenshots\screenshot_1000000103.png;2026-01-09 13:24:44;https://dom.ria.com/uk/realty-prodaja-zemlya-selskohozyaystvennogo-naznacheniya-kiev-svyatoshinskiy-33563344.html;;;
104;1 000 000 104;DOMRIA;screenshot;screenshot_1000000104;png;image/png;GVS\media\screenshots\screenshot_1000000104.png;2026-01-09 13:24:44;https://dom.ria.com/uk/realty-prodaja-uchastok-pod-jiluyu-zastroyku-kiev-akademgorodok-ennyaya-lia-29807806.html;;;
105;1 000 000 105;DOMRIA;screenshot;screenshot_1000000105;png;image/png;GVS\media\screenshots\screenshot_1000000105.png;2026-01-09 13:24:44;https://dom.ria.com/uk/realty-prodaja-uchastok-pod-jiluyu-zastroyku-kiev-bykovnya-radistov-ulitsa-33752671.html;;;
106;1 000 000 106;DOMRIA;screenshot;screenshot_1000000106;png;image/png;GVS\media\screenshots\screenshot_1000000106.png;2026-01-09 13:24:44;https://dom.ria.com/uk/realty-prodaja-uchastok-pod-jiluyu-zastroyku-kiev-bykovnya-desnyanskiy-pereulok-33512045.html;;;
107;1 000 000 107;DOMRIA;screenshot;screenshot_1000000107;png;image/png;GVS\media\screenshots\screenshot_1000000107.png;2026-01-09 13:24:44;https://dom.ria.com/uk/realty-prodaja-uchastok-pod-jiluyu-zastroyku-kiev-bykovnya-radistov-ulitsa-33221509.html;;;
108;1 000 000 108;DOMRIA;screenshot;screenshot_1000000108;png;image/png;GVS\media\screenshots\screenshot_1000000108.png;2026-01-09 13:24:44;https://dom.ria.com/uk/realty-prodaja-uchastok-pod-jiluyu-zastroyku-kiev-shevchenko-julyany-ulitsa-33757249.html;;;
109;1 000 000 109;LUN;screenshot;screenshot_1000000109;png;image/png;GVS\media\screenshots\screenshot_1000000109.png;2026-01-09 13:24:44;https://rieltor.ua/houses-sale/view/12258905/?utm_term=3847414314&utm_medium=referral&utm_source=lun.ua;;;
110;1 000 000 110;LUN;screenshot;screenshot_1000000110;png;image/png;GVS\media\screenshots\screenshot_1000000110.png;2026-01-09 13:24:44;https://lun.ua/realty/2806905636;;;
111;1 000 000 111;LUN;screenshot;screenshot_1000000111;png;image/png;GVS\media\screenshots\screenshot_1000000111.png;2026-01-09 13:24:44;https://www.olx.ua/d/uk/obyavlenie/prodazh-prostorogo-budinku-386m2-podl-vtryan-gori-IDZevaT.html;;;
112;1 000 000 112;OLX;screenshot;screenshot_1000000112;png;image/png;GVS\media\screenshots\screenshot_1000000112.png;2026-01-09 13:24:44;https://www.olx.ua/d/uk/obyavlenie/prodazh-budinku-prov-kuzmi-skryabna-7-baydi-vishnevetskogo-IDZd9Ay.html;;;
113;1 000 000 113;OLX;screenshot;screenshot_1000000113;png;image/png;GVS\media\screenshots\screenshot_1000000113.png;2026-01-09 13:24:44;https://lun.ua/realty/3219899053;;;
114;1 000 000 114;DOMRIA;screenshot;screenshot_1000000114;png;image/png;GVS\media\screenshots\screenshot_1000000114.png;2026-01-09 13:24:44;https://dom.ria.com/uk/realty-prodaja-taunhaus-kiev-poselok-shevchenko-vyshgorodskaya-ulitsa-33240732.html;;;
115;1 000 000 115;LUN;screenshot;screenshot_1000000115;png;image/png;GVS\media\screenshots\screenshot_1000000115.png;2026-01-09 13:24:44;https://rieltor.ua/houses-sale/view/11949486/?utm_term=3188631504&utm_medium=referral&utm_source=lun.ua;;;
116;1 000 000 116;DOMRIA;screenshot;screenshot_1000000116;png;image/png;GVS\media\screenshots\screenshot_1000000116.png;2026-01-09 13:24:44;https://dom.ria.com/uk/realty-prodaja-dom-kiev-dneprovskiy-aovozny-peelok-16363319.html;;;
117;1 000 000 117;DOMRIA;screenshot;screenshot_1000000117;png;image/png;GVS\media\screenshots\screenshot_1000000117.png;2026-01-09 13:24:44;https://dom.ria.com/uk/realty-prodaja-dom-kiev-dvrz-marganetskaya-ulitsa-33554283.html;;;
118;1 000 000 118;DOMRIA;screenshot;screenshot_1000000118;png;image/png;GVS\media\screenshots\screenshot_1000000118.png;2026-01-09 13:24:44;https://dom.ria.com/uk/realty-prodaja-taunhaus-kiev-rusanovskie-sady-4-ya-sadovaya-ulitsa-33401140.html;;;
119;1 000 000 119;DOMRIA;screenshot;screenshot_1000000119;png;image/png;GVS\media\screenshots\screenshot_1000000119.png;2026-01-09 13:24:44;https://dom.ria.com/uk/realty-prodaja-dom-kiev-dneprovskiy-99-ya-sadovaya-ulitsa-32165452.html;;;
120;1 000 000 120;DOMRIA;screenshot;screenshot_1000000120;png;image/png;GVS\media\screenshots\screenshot_1000000120.png;2026-01-09 13:24:44;https://dom.ria.com/uk/realty-prodaja-dom-kiev-rusanovskie-sady-27649953.html;;;
121;1 000 000 121;DOMRIA;screenshot;screenshot_1000000121;png;image/png;GVS\media\screenshots\screenshot_1000000121.png;2026-01-09 13:24:44;https://dom.ria.com/uk/realty-prodaja-dom-kiev-12aya-adovaya-lia-33326946.html;;;
122;1 000 000 122;DOMRIA;screenshot;screenshot_1000000122;png;image/png;GVS\media\screenshots\screenshot_1000000122.png;2026-01-09 13:24:44;https://dom.ria.com/uk/realty-prodaja-dom-kiev-voskresnyie-sadyi-201ya-adovaya-lia-33178007.html;;;
123;1 000 000 123;DOMRIA;screenshot;screenshot_1000000123;png;image/png;GVS\media\screenshots\screenshot_1000000123.png;2026-01-09 13:24:44;https://dom.ria.com/uk/realty-prodaja-dom-kiev-obolon-bogakaya-lia-26052389.html;;;
124;1 000 000 124;DOMRIA;screenshot;screenshot_1000000124;png;image/png;GVS\media\screenshots\screenshot_1000000124.png;2026-01-09 13:24:44;https://dom.ria.com/uk/realty-prodaja-dom-kiev-obolon-bogatyrskaya-ulitsa-33158599.html;;;
125;1 000 000 125;DOMRIA;screenshot;screenshot_1000000125;png;image/png;GVS\media\screenshots\screenshot_1000000125.png;2026-01-09 13:24:44;https://dom.ria.com/uk/realty-prodaja-dom-kiev-nijnie-sady-prodolnaya-1-ya-ulitsa-33769683.html;;;
126;1 000 000 126;DOMRIA;screenshot;screenshot_1000000126;png;image/png;GVS\media\screenshots\screenshot_1000000126.png;2026-01-09 13:24:44;https://dom.ria.com/uk/realty-prodaja-dom-kiev-darnitskiy-73-ya-sadovaya-a-ulitsa-33714422.html;;;
127;1 000 000 127;DOMRIA;screenshot;screenshot_1000000127;png;image/png;GVS\media\screenshots\screenshot_1000000127.png;2026-01-09 13:24:44;https://dom.ria.com/uk/realty-prodaja-dom-kiev-darnitskiy-sadovaya-ulitsa-32213437.html;;;
128;1 000 000 128;DOMRIA;screenshot;screenshot_1000000128;png;image/png;GVS\media\screenshots\screenshot_1000000128.png;2026-01-09 13:24:44;https://dom.ria.com/uk/realty-prodaja-dom-kiev-berkovets-27650061.html;;;
129;1 000 000 129;DOMRIA;screenshot;screenshot_1000000129;png;image/png;GVS\media\screenshots\screenshot_1000000129.png;2026-01-09 13:24:44;https://dom.ria.com/uk/realty-prodaja-dupleks-kiev-berkovets-sadovaya-ulitsa-33484124.html;;;
130;1 000 000 130;DOMRIA;screenshot;screenshot_1000000130;png;image/png;GVS\media\screenshots\screenshot_1000000130.png;2026-01-09 13:24:44;https://dom.ria.com/uk/realty-prodaja-dom-kiev-berkovets-stetsenko-ulitsa-33370946.html;;;
131;1 000 000 131;DOMRIA;screenshot;screenshot_1000000131;png;image/png;GVS\media\screenshots\screenshot_1000000131.png;2026-01-09 13:24:44;https://dom.ria.com/uk/realty-prodaja-dom-kiev-berkovets-stetsenko-ulitsa-32434980.html;;;
132;1 000 000 132;DOMRIA;screenshot;screenshot_1000000132;png;image/png;GVS\media\screenshots\screenshot_1000000132.png;2026-01-09 13:24:44;https://dom.ria.com/uk/realty-prodaja-dom-kiev-podolskiy-stetsenko-ulitsa-33281211.html;;;
133;1 000 000 133;DOMRIA;screenshot;screenshot_1000000133;png;image/png;GVS\media\screenshots\screenshot_1000000133.png;2026-01-09 13:24:44;https://dom.ria.com/uk/realty-prodaja-dom-kiev-berkovets-sineozernaya-ulitsa-32917928.html;;;
134;1 000 000 134;DOMRIA;screenshot;screenshot_1000000134;png;image/png;GVS\media\screenshots\screenshot_1000000134.png;2026-01-09 13:24:44;https://dom.ria.com/uk/realty-prodaja-dom-kiev-svyatoshinskiy-dmitriya-yavornitskogo-kollontay-ulitsa-33324478.html;;;
135;1 000 000 135;DOMRIA;screenshot;screenshot_1000000135;png;image/png;GVS\media\screenshots\screenshot_1000000135.png;2026-01-09 13:24:44;https://dom.ria.com/uk/realty-prodaja-dom-kiev-svyatoshinskiy-pereulok-33614270.html;;;
136;1 000 000 136;DOMRIA;screenshot;screenshot_1000000136;png;image/png;GVS\media\screenshots\screenshot_1000000136.png;2026-01-09 13:24:44;https://dom.ria.com/uk/realty-prodaja-dom-kiev-borschagovka-ivana-trusha-prishvina-ulitsa-31383412.html;;;
137;1 000 000 137;DOMRIA;screenshot;screenshot_1000000137;png;image/png;GVS\media\screenshots\screenshot_1000000137.png;2026-01-09 13:24:44;https://dom.ria.com/uk/realty-prodaja-dom-kiev-julyany-uchitelskaya-julyany-ulitsa-33536031.html;;;
138;1 000 000 138;DOMRIA;screenshot;screenshot_1000000138;png;image/png;GVS\media\screenshots\screenshot_1000000138.png;2026-01-09 13:24:44;https://dom.ria.com/uk/realty-prodaja-dom-kiev-julyany-sovskaya-julyany-ulitsa-33550110.html;;;
139;1 000 000 139;DOMRIA;screenshot;screenshot_1000000139;png;image/png;GVS\media\screenshots\screenshot_1000000139.png;2026-01-09 13:24:44;https://dom.ria.com/uk/realty-prodaja-dom-kiev-sovki-fedkovicha-ulitsa-33282081.html;;;
140;1 000 000 140;DOMRIA;screenshot;screenshot_1000000140;png;image/png;GVS\media\screenshots\screenshot_1000000140.png;2026-01-09 13:24:44;https://dom.ria.com/uk/realty-prodaja-dom-kiev-shirma-vladimira-samoylenko-holmogorskaya-ulitsa-33541316.html;;;
141;1 000 000 141;DOMRIA;screenshot;screenshot_1000000141;png;image/png;GVS\media\screenshots\screenshot_1000000141.png;2026-01-09 13:24:44;https://dom.ria.com/uk/realty-prodaja-dom-kiev-shirma-alpiyskaya-pyatigorskaya-ulitsa-33548990.html;;;
142;1 000 000 142;DOMRIA;screenshot;screenshot_1000000142;png;image/png;GVS\media\screenshots\screenshot_1000000142.png;2026-01-09 13:24:44;https://dom.ria.com/uk/realty-prodaja-dom-kiev-dobryy-shlyah-dobryy-put-ulitsa-33415656.html;;;
143;1 000 000 143;DOMRIA;screenshot;screenshot_1000000143;png;image/png;GVS\media\screenshots\screenshot_1000000143.png;2026-01-09 13:24:44;https://dom.ria.com/uk/realty-prodaja-dom-kiev-pecherskiy-tovarnaya-ulitsa-32918518.html;;;
144;1 000 000 144;DOMRIA;screenshot;screenshot_1000000144;png;image/png;GVS\media\screenshots\screenshot_1000000144.png;2026-01-09 13:24:44;https://dom.ria.com/uk/realty-prodaja-dom-kiev-goloseevskiy-uchbovaya-ulitsa-32220768.html;;;
145;1 000 000 145;DOMRIA;screenshot;screenshot_1000000145;png;image/png;GVS\media\screenshots\screenshot_1000000145.png;2026-01-09 13:24:44;https://dom.ria.com/uk/realty-prodaja-dom-kiev-zverinets-sadovo-botanicheskaya-timiryazevskaya-ulitsa-33062538.html;;;
146;1 000 000 146;DOMRIA;screenshot;screenshot_1000000146;png;image/png;GVS\media\screenshots\screenshot_1000000146.png;2026-01-09 13:24:44;https://dom.ria.com/uk/realty-prodaja-dom-kiev-zverinets-dubenskaya-ulitsa-32642999.html;;;
147;1 000 000 147;DOMRIA;screenshot;screenshot_1000000147;png;image/png;GVS\media\screenshots\screenshot_1000000147.png;2026-01-09 13:24:44;https://dom.ria.com/uk/realty-prodaja-dom-kiev-pechersk-ikolaya-aello-lia-29370466.html;;;
148;1 000 000 148;DOMRIA;screenshot;screenshot_1000000148;png;image/png;GVS\media\screenshots\screenshot_1000000148.png;2026-01-09 13:24:44;https://dom.ria.com/uk/realty-prodaja-dom-kiev-pecherskiy-bolsunovskaya-ulitsa-31313713.html;;;
149;1 000 000 149;DOMRIA;screenshot;screenshot_1000000149;png;image/png;GVS\media\screenshots\screenshot_1000000149.png;2026-01-09 13:24:44;https://dom.ria.com/uk/realty-prodaja-dom-kiev-troeschina-modzalevskogo-vadima-vulitsya-modzalevskogo-vadima-vulitsya-ulitsa-26973455.html;;;
150;1 000 000 150;DOMRIA;screenshot;screenshot_1000000150;png;image/png;GVS\media\screenshots\screenshot_1000000150.png;2026-01-09 13:24:44;https://dom.ria.com/uk/realty-prodaja-dom-kiev-troeschina-mitropolita-vladimira-sabodana-kirova-troeschina-ulitsa-33705865.html;;;
151;1 000 000 151;DOMRIA;screenshot;screenshot_1000000151;png;image/png;GVS\media\screenshots\screenshot_1000000151.png;2026-01-09 13:24:44;https://dom.ria.com/uk/realty-prodaja-dom-kiev-obolonskiy-bogatyrskaya-ulitsa-33216789.html;;;
152;1 000 000 152;DOMRIA;screenshot;screenshot_1000000152;png;image/png;GVS\media\screenshots\screenshot_1000000152.png;2026-01-09 13:24:44;https://dom.ria.com/uk/realty-prodaja-dom-kiev-syrets-chaplygina-ulitsa-33361054.html;;;
153;1 000 000 153;DOMRIA;screenshot;screenshot_1000000153;png;image/png;GVS\media\screenshots\screenshot_1000000153.png;2026-01-09 13:24:44;https://dom.ria.com/uk/realty-prodaja-dom-kiev-shevchenkovskiy-cherkasskaya-ulitsa-33139058.html;;;
154;1 000 000 154;DOMRIA;screenshot;screenshot_1000000154;png;image/png;GVS\media\screenshots\screenshot_1000000154.png;2026-01-09 13:24:44;https://dom.ria.com/uk/realty-prodaja-uchastok-pod-jiluyu-zastroyku-kiev-shevchenkovskiy-magistralnaya-ulitsa-33365422.html;;;
